,Item ID,document_id,name,SDG13,SDG13 - notes
0,117666036,458,2024 Annual Evaluation Synthesis Report,0,
1,117667663,11012,A meta-analysis of evaluations managed by UN Women in 201 4,0,
2,117673147,14434,A STUDY OF THE AFGHANISTAN TRANSITION INITIATIVE (ATI) - IMPACT & LESSONS LEARNED,0,
3,117667636,10861,Action to Promote the Legal Empowerment of Women in the Context of HIV and AIDS,0,
4,117670544,13015,AmÃ©liorer les capacitÃ©s institutionnelles pour la gouvernance des migrations de main-d'ouevre en Afrique du Nord et de l'Ouest - RBSA funded internal evaluation,0,
5,117663838,12184,Application of migration policy for Decent Work of migrant workers - Midterm Evaluation,0,
6,117673311,10444,Area Development Programme - Balochistan,0,
7,117669783,8447,BRA/01/028 - Esporte como EstratÃ©gia de Desenvolvimento Social e EconÃ´mico,0,
8,117661701,5363,BRA/16/G76 Mid-term Evaluation Report - Brazilian HCFC Phase Out Management Plan (Stage II),1,13 - Climate action
9,117660902,4916,BRA/17/G31 - PIMS-5896 - Taking Deforestation out of Soy Supply Chain in MATOPIBA region TE,0,
10,117674136,11572,"Cambodia, USDA Local and Regional Food Aid Procurement: mid-term evaluation",0,
11,117671055,13080,Capacity building for migration management in China- Final Self Evaluation,0,
12,117661894,5494,Citra Social Innovation Lab Evaluation Report,0,
13,117671635,13155,Combate ao trÃ¡fico de pessoas no Brasil (Combating trafficking in persons in Brazil) - Final Internal Evaluation,0,
14,117659227,11677,Combating Human Trafficking in Egypt,0,
15,117669664,8342,Combined mid-term evaluation of two projects: Design and Establish National Voluntary Emission Reduction Project Registry System and National Emissions Trading Scheme Registry System and Provincial Greenhouse Gas Emissions Inventory Capacity Building and,1,"13 - Climate action [8342_1.pdf] Page 10: The ETS Project has made satisfactory progress in building a strong foundation for a national ETS registry system. [8342_1.pdf] Page 7: The number of industrial sector GHG accounting methodologies completed after 15 months of operation will exceed the original number of 6 sectors [8342_1.pdf] Page 8: For the GHG Project, the ongoing development of GHG accounting methodologies and reporting formats for 6 industrial sectors accompanied by capacity building will have the impact of strengthening the quality of GHG accounting methodologies and reporting formats generated in China."" ""he outputs consisting of the design and demonstration of a consolidated ETS registry system (combining the voluntary ETS with the national ETS system) [8342_1.pdf] Page 9: The GHG Project has been highly effective in delivering outputs for GHG accounting and reporting formats that will enhance the quality of enterprise GHG reports and GHG inventories to the ETS system;"
16,117670311,8713,Consolidating Gains from the KNDR Process,0,
17,117672404,9985,"DCP II (Democratisation Consolidation Project, Phase II)",0,
18,117672137,10041,Developing Strategies for Sustainable Development in SCG,0,
19,117666681,12361,"Development of a tripartite framework for Ethiopian and Somali women domestic migrant workers to the GCC states, Lebanon and Sudan - Final Evaluation",0,
20,117664625,951,Ecological Forecasting using Geospatial Analysis: Example from Kenya,0,
21,117673762,10694,Economic Policy Analysis Project,0,
22,117662712,5822,End of term evaluation of the Increasing Access to Clean and Affordable Decentralized Energy Services Project,0,
23,117661150,13930,Engaging Diaspora Communities to Support Micro-entrepreneurship in Morocco,0,
24,117663195,3498,Evaluability Assessment - Child Labour: Exploitation of Children in South Asia Programme (CLECSAP),0,
25,117671492,9458,Evaluacion de Instrumentos de Planificacion PNUD CPD 2003-2007,0,
26,117664225,1649,EvaluaciÃ³n de procesos del Programa de supervivencia infantil y materna de Alto ParanÃ¡ y CanindeyÃº 2014-2019. LRPS-9134651- 2017,0,
27,117664851,15086,EvaluaciÃ³n del Programa de CooperaciÃ³n de la FAO en Nicaragua,0,
28,117660607,3676,EvaluaciÃ³n del Programa de PaÃ­s 2019-2023,0,
29,117672174,10081,"EvaluaciÃ³n Final del MDGF Juventud, migraciÃ³n y empleo - Paraguay",0,
30,117663724,6195,EVALUACIÃN FINAL DEL PROYECTO PS 50363/OUTPUT 62184 âFORTALECIMIENTO DEL INADEH PARA LA ADMINISTRACIÃN DEL PROGRAMA DE CAPACITACIÃN Y FORMACIÃN DEL CAPITAL HUMANO,0,
31,117666295,4518,EvaluaciÃ³n Final Human Security Trust Fund,0,
32,117669035,8121,"EvaluaciÃ³n final programa conjunto juventud, empleo y migraciÃ³n",0,
33,117658955,4221,EvaluaciÃ³n Intermedia: Proyecto 98619 - Fort. Institucional de la DGPP/MEC,0,
34,117669178,8273,Evaluaciones finales de todos los programas ventanas MDGTF (Ventana de Paz),0,
35,117670710,1910,"EVALUATION DE LA LIGNE VERTE POUR LA PROTECTION DES ENFANTS AU TOGO ""Allo 111""",0,
36,117664963,11102,Ãvaluation du Portefeuille Pays - CIV 2014-2016,0,
37,117661328,3851,Evaluation du programme de Protection de l'enfant,0,
38,117663967,14125,"ÃVALUATION FINALE DU PROJET ""FORAS â RENFORCEMENT DES OPPORTUNITÃS DE RÃINTÃGRATION""",0,
39,117659647,324,Evaluation Finale du Plan Cadre de Cooperation des Nations Unies pour le DÃ©veloppement Durable en RÃ©publique DÃ©mocratique du Congo (UNSDCF) 2020-2024,0,
40,117660359,3560,Ãvaluation formative des stratÃ©gies d'accÃ©lÃ©ration pour atteindre le rÃ©sultat clÃ© pour les enfants n Â° 2 (KRC 2 - prÃ©vention du retard de croissance) au Mali pendant la pÃ©riode 2018-2020 (y compris pendant la pandÃ©mie COVID-19).,0,
41,117668650,1371,"Evaluation of Empowering Young Girls and Women in Maharashtra, India",0,
42,117663119,15141,Evaluation of FAOâs Contribution to the Syrian Arab Republic 2012-2018,0,
43,117663123,15126,Evaluation of FAOâs Contribution to Sierra Leone,0,
44,117659526,4031,Evaluation of KOICA supported project Addressing Child Deprivations Through Resilience in the Eastern Region of Cameroon,0,
45,117665885,3376,Evaluation of Public Health in Emergencies-Health in Emergencies,0,
46,117659661,11297,Evaluation of Sweden non-earmarked contribution to the SN,0,
47,117671139,14115,EVALUATION OF THE CAPACITY BUILDING COMPONENT - COMBATING TRAFFICKING IN PERSONS AND IRREGULAR MIGRATION FROM AND THROUGH GHANA,0,
48,117669977,10817,Evaluation of the Contribution of Italian Funded Projects to Ending Violence against Women and Promoting Gender Equality in ECOWAS Member States,0,
49,117663281,471,Evaluation of the Guatemala and Honduras Country Programmes and the Subregional Programme in El Salvador,0,
50,117673134,2131,Evaluation of the impact of Medica Zenica inter-disciplinary training of professionals in Doboj Region and Middle Bosnia Canton (evaluation by NGO proMENTE),0,
51,117671274,2946,Evaluation of the Partnership for Quality Education through Parental Participation,0,
52,117659294,15407,Evaluation of the project âStrengthening animal health and food safety systemsâ in Mongolia,0,
53,117667093,607,Evaluation of the UNFPA Support to Family Planning (2008-2013),0,
54,117674279,7696,Evaluation of the WFP Policy on Capacity Development (2009),0,
55,117660260,3759,Evaluation of UNICEF Approach to Local Systems Strengthening and Programming,0,
56,117660543,3321,Evaluation of UNICEFâs District Health Systems Strengthening Initiative 2019-2022,0,
57,117663285,3475,Evaluation of UNICEFâs Early Childhood Development (ECD) Programming in the Eastern and Southern Africa Region,0,
58,117669945,1862,Evaluation of Women's Economic Empowerment Programme,0,
59,117659427,652,Evaluation report of HIGHWAY project,0,
60,117672209,2210,External Summative Evaluation - Improving Maternal Health in Eastern Indonesia (IMHEI),0,
61,117660841,4844,Final Evaluation âSupport to Payroll Management (SPM),0,
62,117667570,15267,"Final Evaluation of the Project ""Development of a Framework for the Progressive Control of Foot and Mouth Disease in Pakistan""",0,
63,117660097,357,Final evaluation of Development Account project titled Policies and Programmes for Youth with Disabilities in Latin America,0,
64,117660675,5148,Final Evaluation of the environmental management and sustainable development project (PAGEDD),0,
65,117662380,5342,Final Evaluation of the Decentralization and inclusive and sustainable local governance project,0,
66,117663237,5689,"Final Evaluation of Partnership for a Tolerant, Inclusive Bangladesh (PTIB) project",0,
67,117665391,3935,Final Evaluation of the âToward a cholera Free Nation Projectâ (2019 - 2023) in Zanzibar,0,
68,117669597,8596,Final Evaluation of Enhancing the Capacity of Turkey to Adapt to Climate Change (MDGF 1680) Project,0,
69,117660343,13859,Final Evaluation Report External Evaluation of the WBAWARE Information Campaign,0,
70,117663064,14067,"FINAL INTERNAL EVALUATION OF THE âTAJIK-AFGHAN INTEGRATION, RESILIENCE AND REFORM BUILDING PROGRAMMEâ (TAIRR PROGRAMME)",0,
71,117662349,5245,Final Project Evaluation of Climate Smart Agriculture,0,
72,117669938,12895,Fortalecimiento de las industrias culturales y mejora de la accesibilidad a los bienes y servicios culturales de Uruguay - EvaluaciÃ³n conjunta final,0,
73,117669928,12883,"Fortalecimiento institucional en materia migratoria para contribuir al desarrollo de los paÃ­ses de la regiÃ³n andina (Bolivia, Colombia, Ecuador y PerÃº) - Final Internal Evaluation",0,
74,117674131,11561,"Ghana, Enhanced Nutrition and Value Chains Project (2016-2021): Evaluation",0,
75,117673505,2136,Health on the Agenda: Sickness and Quality of Life in the Press's View of Childhood (SaÃºde em Pauta: DoenÃ§a e Qualidade de Vida no Olhar da Imprensa Sobre a InfÃ¢ncia),0,
76,117663668,6135,Homes Rehabilitation Phase III,0,
77,117670651,1305,Hygiene Education Toolkit Evaluation,0,
78,117664620,841,Impact Evaluation of the Smallholder Horticulture Marketing Programme in Kenya,0,
79,117662026,12047,Implementation of the Agreement concerning additional employment injury benefits to the victims of the Ali Enterprises fire and strengthening... - Final evaluation,0,
80,117667100,6943,"Improving the Coverage and Management Efficiency of Protected Areas in the Steppe Biome of Russia, Final Evaluation",0,
81,117662782,5606,Independent Country Programme Evaluation: Chad,0,
82,117664667,12290,Independent evaluation of ILOâs capacity development efforts 2010-2017,0,
83,117661996,887,Infrastructure at IFAD (2001-2019),0,
84,117673185,10566,Institutional Strengthening of the Presidential Secretariat for the Advancement of Women,0,
85,117665322,13792,INTER-AGENCY HUMANITARIAN EVALUATION OF THE RESPONSE TO THE HUMANITARIAN CRISIS IN SOMALIA,0,
86,117669955,8474,Iraq - Support to the Rule of Law and Justice Project,0,
87,117668092,12576,Livelihood restoration and protection and sustainable empowerment of vulnerable peasant communities in Sindh Province - Joint external review,0,
88,117673491,10642,LOS EFECTOS DE LA CONTRIBUCION DEL PNUD A LA GENERACION DE POLITICAS SOCIALES INTEGRALES EN EL CAMPO DE LA REDUCCION DE LA POBREZA EN URUGUAY. EL CASO PLAN CAIF,0,
89,117667873,7458,Market Transformation through Energy Efficiency Standards and Labelling of Appliances in South Africa,0,
90,117672374,9954,Mid term evaluation of Disaster management outcome,0,
91,117663426,6245,Mid Term Evaluation of Developing a Market for Biogas Resource Development and Utilization in Guinea (BIOGAZ),0,
92,117661862,5321,"Mid Term Review - Combatting Illegal Wildlife Trade, focusing on Ivory, Rhino Horn, Tiger and Pangolins in Thailand",0,
93,117666597,6774,Mid Term Review of Dili Ainaro Road Corridor Project,0,
94,117663143,15281,Mid-term evaluation of project âEnhancing Climate Change Resilience in the Benguela Current Fisheries Systemâ,0,
95,117672727,2255,"Mid-term evaluation of the ""Children's chance for change"" project - a juvenile justice initiative in Serbia and Montenegro",0,
96,117661905,5507,Mid-Term Review GEF6:BD Conserving biodiversity through sustainable management in production landscapes in Costa Rica,0,
97,117658885,3881,Multi-country evaluation of national childcare reforms with a focus on deinstitutionalisation - Serbia,0,
98,117673124,10374,Municipal Governance and Sustainable Development Programme,0,
99,117659566,15807,,0,
100,117665316,15818,,0,
101,117671890,9797,National Area-Based Development Programme (NABDP),0,
102,117673098,3051,National Immunization Day for the Eradication of Polio in Egypt,0,
103,117668643,7820,National Institutional Building Project (NIBP) Final Evaluation,0,
104,117662203,14006,NIGERIA: STRENGTHENING ASSISTANCE FOR RETURNEES AND POTENTIAL MIGRANTS AND PROMOTING SAFE MIGRATION PRACTICES IN COMMUNITES OF ORIGIN,0,
105,117663907,6147,Outcome Evaluation of CPR Portfolio,0,
106,117673751,2432,Part 1) Report on the Qualitative Assessment of Community Action for Child Rights (Seth Koma) Programme; Part 2) An Assessment of the Collaboration between Seth Koma and Seila for UNICEF Cambodia,0,
107,117664613,834,Pastoral Water and Resource Management Project in Sahelian Areas,0,
108,117665355,15517,Pre-evaluation Review of the WIPO Division for Latin America and the Caribbean,0,
109,117670717,1929,"Process Evaluation of Integrated MNCH, Nutrition and Paediatric AIDS Prevention, Treatment, Care and Support Initiative in Luapula Province",0,
110,117671461,9427,Programa de Desarrollo Local y,0,
111,117673989,14472,PROGRAMA DE RETENCIÃN DE LA MIGRACIÃN RURAL URBANA INFORME DE EVALUACIÃN,0,
112,117664593,6582,Project Evaluation of the Scaling Up Risk Transfer Mechanisms for Climate Vulnerable Agriculture-based Communities in Mindanao Project,0,
113,117674021,10778,"PROJECT IN SUPPORT OF GOVERNANCE, DEMOCRACY AND HUMAN RIGHTS",0,
114,117663610,5984,Project Mid-Term Review - âStrengthening the Management Effectiveness of the National System of Protected Areasâ,0,
115,117670545,13016,Projet d'assainissement de YaoundÃ© (PADY) - volet haute intensitÃ© de main dÂÂuvre - Final Internal evaluation,0,
116,117663535,6070,PROJET DâAPPUI A LA REINTEGRATION DES PERSONNES DEPLACEES/RETOURNEES ET A LA COHESION SOCIALE,0,
117,117663914,6169,Projet d'appui Ã la formation continue de la police nationale de CÃ´te d'Ivoire,0,
118,117668869,8007,Promote Peace Building through Cross Boundary Wastewater Management in the occupied Palestinian territories,0,
119,117668583,12627,Promoting compliance with international labour standards in Colombia - Midterm Internal Review,0,
120,117668819,7954,Proverty Reduction Programme,0,
121,117662013,12033,Public Private Development Partnership for Renewable Energy Skills Training and Women Economic Empowerment in Somalia - Midterm evaluation,0,
122,117670613,8725,Resultados de impacto del Plan Caif en relaciÃ³n al desarrollo infantil y el estado nutricional de los beneficiarios,0,
123,117669157,8252,Resultados de la IntervenciÃ³n para el Desarrollo de Capacidades para el Manejo Sostenible de la Tierra (LDC-SIDS),0,
124,117672071,14386,"RETURN IN DIGNITY, RETURN TO WHAT? REVIEW OF THE VOLUNTARY RETURN PROGRAMME TO AFGHANISTAN",0,
125,117664951,639,Review of the Flash Flood Guidance System (FFGS) with Global Coverage Project,0,
126,117663323,11186,Review of the UNW-SLE SN 2014-2019,0,
127,117659094,4418,RevisiÃ³n de medio tÃ©rmino âFortaleciendo la resiliencia climÃ¡tica de comunidades rurales y de los ecosistemas en AhuachapÃ¡n-Surâ,0,
128,117673981,3034,Revue Ã mi-parcours: Programme de Cooperation Cameroun - UNICEF 1998-2002,0,
129,117667327,7069,Samoa Parliamentary Support Project (SPSP) - FE,0,
130,117673631,10667,SOLID WASTE MANAGEMENT,0,
131,117663630,6097,Sound Management of POPs containing waste in Mexico (EvMT),0,
132,117669927,12882,Strengthening the Philippines' institutional capacity to adapt to climate change - Final Joint Evaluation,1,13 - Climate action
133,117673796,2151,Suivi Permanent des Acquis scolaires et Evaluation des conditions (Permanent follow-up of the school Assets and Evaluation of the conditions),0,
134,117660389,3768,Summative Evaluation of GPE Support to Zimbabwe,0,
135,117673883,10737,Support to Education Reforms,0,
136,117673118,10333,SUPPORT TO PUBLIC ADMINISTRATION REFORM: HO CHI MINH CITY,0,
137,117661866,5326,SUPPORTING ELECTORAL AUTHORITIES OF MOZAMBIQUE TO ENHANCE THE TRANSPARENCY AND CREDIBILITY OF THE ELECTORAL PROCESS (SEAM),0,
138,117672987,10426,Sustainable community development in middle Spis,0,
139,117662967,12124,"Sustaining Competitive and Responsible Enterprises (SCORE) programme, Phase III - Midterm evaluation",0,
140,117669447,1520,Synthesis report of the IA RTEs of the Response to the Horn of Africa Drought,0,
141,117665708,11758,Technical Cooperation Project for the State of Qatar â Phase 2 - Final evaluation,0,
142,117661799,5480,Terminal evaluation of Conservation of critical Wetland PAs and linked landscapes Project (00076965),0,
143,117658811,15074,Terminal Evaluation of the UNEP-GEF Project âGenerating Enhanced Political Will for Natural Resource Management and Conservationâ - GEF ID 9678 (2017 â 2021),0,
144,117658897,4131,Terminal Evaluation of the Consolidating Democratic Dividends for sustainable transformation in Kenya,0,
145,117664845,14934,Terminal Evaluation of the UN Environment/Global Environment Facility Project: âDevelopment and Institution of a National Monitoring and Control System (Framework) For Living Modified Organisms (LMOs) and Invasive Alien Species (IAS) - Cameroonâ,0,
146,117665477,4254,Terminal Evaluation for the China's Protected Area Reform (C-PAR) 4 (PIMS 5379),0,
147,117666839,14862,Terminal Evaluation of the UN Environment Project 53-P2 Addressing risks posed by exposure to lead and cadmium,0,
148,117666611,6789,The Social Rehabilitation and Payment to EVD Survivors project,0,
149,117660815,4808,Thematic Evaluation on role of UNDP in creating inclusive employment in Lesotho,0,
150,117672578,10148,Towards Integrated Social Development Policies in Jordan,0,
151,117668684,1572,UNDAF Final Evaluation Report,0,
152,117669497,8492,"UNDP/GEF project ""Mainstreaming Biodiversity Conservation into Territorial Policies and Practices"" mid-term evaluation",0,
153,117672143,10047,VIII CENSO DE POBLACIÃN Y IV DE VIVIENDA,0,
154,117665333,13749,WHO contribution in Tunisia: Evaluation report,0,
155,117660636,4778,Yemen Emergency Crisis Response Project (YECRP) Final Evaluation,0,
156,117665668,11721,"""Les mandants Ã©laborent et mettent en Åuvre la stratÃ©gie intÃ©grÃ©e de transition de l'Ã©conomie informelle vers l'Ã©conomie formelle"" and ""Strengthened capacity of Government and Social Partners to develop policies and programs that facilitate the transition",0,
157,117668747,1356,"âImprove access to quality basic education in Iraq"" - Mid-Term Evaluation",0,
158,117664595,6584,00075809 Third National Communication to the United Nations Framework Convention on Climate Change (TNC) GEF Terminal Evaluation,0,
159,117667039,1604,A Continuum of Care Approach to Sexual and Reproductive Health in Somalia,0,
160,117672249,9820,Appui des Technologies de l?Information et de la Communication au DÃ©veloppement : TICAD III,0,
161,117664670,12296,Asia Region Thematic Evaluation on Social Protection 2012-2017 (Phase II),0,
162,117670393,8922,Assessment of Development Results: Mongolia,0,
163,117672382,9963,Assessment of Development Results: Bhutan,1,13 - Climate action
164,117660571,352,AvaliaÃ§Ã£o do Marco de CooperaÃ§Ã£o para o Desenvolvimento SustentÃ¡vel das NaÃ§Ãµes Unidas para o Brasil (2017-2021),0,
165,117673195,10576,Biodiversity Conservation of Lake Bosumtwe,0,
166,117666784,632,Building Regional Climate Capacity in the Caribbean (CRCCC) Project,0,
167,117671531,9500,Capacity Development for renewable energy management,0,
168,117671641,9331,Citizens' Participatory Audit,0,
169,117667918,7274,Civic Engagement Outcome Evaluation,0,
170,117666271,4488,Conservation of globally important biodiversity and associated land and forest resources of Western Tian Shan mountain ecosystems to support sustainable livelihoods/GEF,0,
171,117668217,10845,Cote d'Ivoire country strategy 2012-2013 Evaluation,0,
172,117665334,11674,COVID-19 socio-economic recovery for returning migrants and host communities in North West Cambodia - Final evaluation,0,
173,117666474,4613,Development Support Services - Disaster Risk Reduction,1,"13 - Climate action [info] p. 6 [4613_1.pdf] Page 6: Outcome (UNSDF): By 2022, environmental and natural resource management is strengthened, and communities have increased access to clean energy and are more resilient to climate change and disaster risks"
174,117669681,8360,El Programa Maya para el pleno ejercicio de los derechos de los pueblos indÃ­genas en Guatemala,0,
175,117665919,11364,End-line evaluation for the Japan-funded LEAP III Programme 2021 -2023,0,
176,117672385,9966,Environmental Management in Hospitals and Schools,0,
177,117661929,5533,Establishing Transparency Framework for the Republic of Serbia,0,
178,117663860,12206,"EU-UNW-ILO Strengthening the resilience of Syrian women and girls in host communities in Iraq, Jordan and Turkey - Midterm Evaluation",0,
179,117660405,3977,Evaluability Assessment of the draft National Action Plan on Child Rights 2024-2027 (EA),0,
180,117659690,3626,EvaluaciÃ³n de impacto iniciativa PLaNEA,0,
181,117670780,9154,"EvaluaciÃ³n de medio tÃ©rnino del programa conjunto ""Desarrollo y diversidad cultural para reducir la pobreza""",0,
182,117671232,2690,"EvaluaciÃ³n del Proyecto ""EducaciÃ³n en el Riesgo de Minas (ERM) y Asistencia a VÃ­ctimas en los departamentos de Cauca, ChocÃ³, NariÃ±o y la regiÃ³n de La Mojana /Sur de BolÃ­var""",0,
183,117666295,4518,EvaluaciÃ³n Final Human Security Trust Fund,0,
184,117669164,8259,EvaluaciÃ³n Intermedia del Proyecto ReducciÃ³n de vulenrabilidades para contribuir al desarrollo rural de las cuencas de los rÃ­os CoatÃ¡n y Alto Suchiate.,0,
185,117672839,14423,EVALUACIÃN PROYECTO TRABAJADORES(AS) AGRICOLAS TEMPORALES A CANADA,0,
186,117661719,5383,Evaluatiion Finale du Projet Renforcement des mÃ©canismes Locaux de PrÃ©vention et de RÃ©solution des conflits au Burundi,0,
187,117665198,6593,Evaluation de l'UNDAF 2014-2018,0,
188,117670100,2106,EVALUATION DE LA MISE EN OEUVRE DU PAQUET EDUCATIF ESSENTIEL (PEE) POUR LâACCELERATION DE LA SCOLARISATION DES FILLES,0,
189,117665001,1408,Evaluation de la promotion des PFE - SFCG,0,
190,117673688,2179,Evaluation du Programme d'Education par les Pairs,0,
191,117664403,6518,"Evaluation finale du projet de DÃ©veloppement des capacitÃ©s d`analyse, de formulation des politiques et de gestion de l`aide",0,
192,117667866,7449,Evaluation finale du Projet de relÃ¨vement communautaire et de consolidation de la paix,0,
193,117663596,5970,EVALUATION FINALE DU PROJET DE RENFORCEMENT DES CAPACITES DE GESTION DES FRONTIERES ET ACCES A LA SECURITE POUR LA LUTTE CONTRE LE TERRORISME DANS LA REGION DU HODH EL CHARGUI,0,
194,117659654,10993,Evaluation of gender sensitive Local Development Plans in Morocco,0,
195,117668810,3145,Evaluation of integrated management of acute malnutrition & infant and young child feeding programs,0,
196,117674304,11571,"Evaluation of R4 Rural Resilience Initiative in Masvingo and Rushinga Districts in Zimbabwe, 2018â2021",0,
197,117670626,8652,Evaluation of the Conflict Prevention and Mitigation in the Ferghana Valley project,0,
198,117661583,3661,Evaluation of the Infant and Young Child Feeding (IYCF) Programme in Syria,0,
199,117663182,442,Evaluation of the ITC Programme âStrengthening Trade and Investment Support Institutionsâ,0,
200,117671639,10944,"Evaluation of the Programme Strengthening the implementation of laws on domestic violence, trafficking in women, rape and sexual harassment in Mongolia",0,
201,117665796,15409,"Evaluation of the project âSupport to agricultural livelihoods of rural and peri-urban communities in Nineveh Governorate, Iraqâ",0,
202,117670019,10954,Evaluation of the sub-regional project on the implementation of UNSCR 1325,0,
203,117667902,7257,Evaluation of the United Nations Development Programme country programme in Montenegro (2012 - 2016),0,
204,117666760,556,Evaluation of UNESCO's Programme Interventions on Girls' and Women's Education,0,
205,117662362,3693,Evaluation of UNICEFâs coverage and quality in complex humanitarian situations: Nigeria,0,
206,117670142,8728,Evaluation projet pilote d'appui Ã la rÃ©insertion des jeunes en pÃ©riode post conflit,0,
207,117668701,14309,EVALUATION REPORT-PSYCHOLOGICAL PROGRAMME IOM LIBYA,0,
208,117661265,3595,Evaluation sommative et formative de lâInitiative Â« Communes de Convergence Â» en GuinÃ©e,0,
209,117661180,13883,Ex-post Evaluation: CAPACITY BUILDING OF GEORGIAN AUTHORITIES IN MIGRATION DATA ANALYSIS,0,
210,117668564,12605,Extending social security in Myanmar - Final internal report,0,
211,117664206,11083,Final evaluation â Regional Project âPreventing exploitation of women migrant workersâ,0,
212,117667869,7454,"Final evaluation ""Improving of the Environmental Monitoring in the Black Sea"" project",0,
213,117670175,8764,Final Evaluation Community-based Conservation of Biological Diversity in theMountain Landscapes of Mongolia's Altai Sayan Eco-region,0,
214,117667564,15226,Final evaluation of Capacity building for South African Professionals in the Field of Agriculture and Food Security,0,
215,117666896,15352,Final Evaluation of the Global Climate Change Alliance (GCCA) â Uganda: Agricultural Adaptation to Climate Change project,1,13 - Climate action [info] p. 63
216,117665591,4415,Final evaluation of National Adaption Plan,0,
217,117660933,4954,"Final evaluation of the project Renewable Energy, Land Degradation & Sustainable Forest Management",0,
218,117668723,10853,"Final Evaluation of Women connect across conflicts: Building accountability for implementation of the UN SCR 1325, 1820, 1888, 1889 Cross-regional project",0,
219,117660861,4869,Final Evaluation of âStrengthening Local Capacities for Resilience and Recoveryâ Project,0,
220,117660271,11352,Final Evaluation of project âGender mainstreaming advisory services to the North Macedonian administration at central levelâ,0,
221,117663393,3178,Formative Evaluation of the Sara radio programme,0,
222,117673219,10461,FORTALECIMIENTO DE LA CAPACIDAD DE GESTIÃN DE LOS GOBIERNOS LOCALES,0,
223,117670513,12982,Fortalecimiento de las industrias culturales y mejora de la accesibilidad a los bienes y servicios culturales de Uruguay - EvaluaciÃ³n intermedia conjunta,0,
224,117662802,5629,Gambia Protected Areas Network and Community Livelihood Project,0,
225,117672568,10136,GAP Phase 2,0,
226,117668904,8059,GEF BRA/10/ G31- Sugarcane renewable electricity: Evaluation of Implementation Arrangements and Substantive Revision Proposal,1,13 - Climate action [8059_1.pdf] Page 3: reducing carbon emissions
227,117668290,7815,GEF: Energy Efficiency in Buildings,1,13 - Climate action [info] p. 8 [7815_1.pdf] Page 19: The project objective is to reduce energy consumption and associated GHG emissions in Kyrgyzstan building sector by 30-40%. [7815_1.pdf] Page 8: associated GHG emissions
228,117671445,9411,Gender Law Implementation,0,
229,117671113,9253,Governance and Public Administration Reform (CPD Outcome 8),0,
230,117670454,1864,Health Extension Programme Evaluation: Rural Ethiopia,0,
231,117673682,2624,ImplementaciÃ³n de los Planes Provinciales a favor de la niÃ±ez y la mujer en las provincias del nordeste y cibao central de la RepÃºblica Dominicana,0,
232,117667832,7412,Implementation of Phase 1 of a Comprehensive Polychlorinated Biphenyl (PCB) Management System,0,
233,117664550,6535,Implementing a âRidge to Reefâ Approach to Protecting Biodiversity and Ecosystem functions within and around Protected Areas in Grenada (00091627),1,"13 - Climate action [6535_1.pdf] Page 15: âClimate resilient SLM practices applied in the BeausÃ©jour watershed to reduce threats adjacent to and upstream of Protected Areasâ with a view to enhance biodiversity, reduce land degradation and improve Carbon Stocks."
234,117669831,12907,"Improve nutrition, food safety, and food security for China's most vulnerable women and children - Midterm Evaluation",0,
235,117667847,7430,"Improving Capacity of Public Institutions in Malawi to Manage, Allocate and Utilise Resources for Effective Development and Service Delivery",0,
236,117667370,7117,Improving Energy Efficiency in Buildings Final Evaluation,0,
237,117672783,13317,Increased Application of Labour-Based Methods through Appropriate Engineering Standards - Final Evaluation Report,0,
238,117666919,1640,INDEPENDENT EVALUATION OF UNICEF NIGERIA TRAINING INVESTMENTS,0,
239,117660131,11777,Independent Final Evaluation of the Lesotho Decent Work Country Programme 2018 â 2023,0,
240,117662338,336,Independent Review and Lessons Learned United Nations Partnership Assistance Framework (UNPAF) 2017 â 2021 - Thailand,0,
241,117673056,2630,"Informe de Evaluacion Final: Proyecto AD/NIC/98/D55- Acciones de SensibilizaciÃ³n y Medidas de PrevenciÃ³n para NiÃ±as, NiÃ±os y Adolescentes en SituaciÃ³n de Riesgo de Uso Indebido de Drogas y ExplotaciÃ³n Sexual (Final Project Evaluation: Actions to Raise Aw",0,
242,117665537,4338,Informe Final EvaluaciÃ³n Proyecto Estado de Derecho para Avanzar hacia el ODS16+: Fortalecimiento de Capacidades Territoriales para el Acceso a la Justicia y la Seguridad Ciudadana,0,
243,117668047,12529,Irish Aid Phase II: Testing methodologies to support informal economy workers and small producers to combat hazardous child labour in their own sectors - Final Evaluation,0,
244,117667793,7369,Joint Evaluation of the Small Grants Programme by GEF/UNDP,0,
245,117658849,11642,Joint Evaluation of the Global Action Plan for Healthy Lives and Well-being for All,0,
246,117673335,2534,Joint UNICEF-DFID Evaluation of UNICEF Preparedness and Early Response to the Darfur Emergency,0,
247,117661988,3300,Joint UNICEF-GoB WASH Programme Evaluation,0,
248,117673610,14456,"L'OMBRE DE LA GUERRE : PERSPECTIVES POUR LE DÃSARMEMENT, LA DÃMOBILISATION ET LA RÃINSERTION EN RÃPUBLIQUE DU CONGO",0,
249,117668022,12501,Lao PDR Decent Work Country Programme (2011-2015),0,
250,117659893,4749,Mid Term Evaluation for the Ridge to Reef Project,0,
251,117666811,14219,MID-TERM EVALUATION OF THE PROJECT COMBATING TRAFFICKING IN HUMAN BEINGS IN BURKINA FASO THROUGH THE STRENGTHENING OF THE NATIONAL FRAMEWORK AND CAPACITIES IN IDENTIFYING VICTIMS AND IMPROVING DATA COLLECTION,0,
252,117664469,6316,"Mid-term Evaluation of the project: Enhancing capacities of rural communities to pursue climate resilient livelihood options in the Sao Tome and Principe districts of CauÃ©, Me-Zochi, Principe, Lemba, Cantagalo, and Lobata (CMPLCL)",1,13 - Climate action [info] pp. 10-11 [6316_1.pdf] Page 3: strengthen the resilience of rural community livelihood options against climate change impacts
253,117667220,7170,Mid-Term Evaluation of the Strengthening climate information and early warning systems in Eastern and Southern Africa for climate resilient development and adaptation to climate change Zambia project,0,
254,117666769,6877,MID-TERM EVALUATION OF THE UNITED NATIONS â ACTION FOR COOPERATION AGAINST TRAFFICKING IN PERSONS (UN-ACT) PROJECT (2014-2018),0,
255,117659823,4658,Mid-term Project Evaluation: Global Opportunities for Long-term Development of Mercury Free Artisanal Small-Scale Gold Mining,0,
256,117663687,6156,Mid-Term Review of Supporting Green Urban Development in Small and Medium-Sized Cities in Belarus,0,
257,117663318,11174,Midterm Review of the Strategic Partnership Framework 2017-2020 (SPFII) between Sida and UN Women,0,
258,117672680,10258,MRC HQ Relocation Staff Training,0,
259,117673220,10462,National Area-Based Development Programme (NABDP),0,
260,117673209,10451,NATIONAL BIODIVERSITY STRATEGY & ACTION PLAN,0,
261,117662095,13434,NEPAD: Evaluation of the United Nations Support to the New Partnership for Africaâs Development (NEPAD) through OSAA/ECA/DGC Programme 9,0,
262,117670066,1711,North Caucasus Youth Empowerment and Security Project,0,
263,117671911,9601,OIOS independent evaluation,0,
264,117668031,12511,ORGANISATIONAL REVIEW OF THE BUREAU FOR WORKERSâ ACTIVITIES/ACTRAV,0,
265,117670217,8807,Outcome evaluation of UNDP Governance Programmes,0,
266,117674177,6683,Pakistan PRRO 200250 Enhancing Food and Nutrition Security and Rebuilding Social Cohesion: An Operation Evaluation,0,
267,117674026,10783,PARTICIPATORY DISTRICT DEVELOPMENT PROGRAMME,0,
268,117663854,12200,PHASE II Ending Worst Forms of Child Labour (WFCL) amongst Syrian Refugees and Lebanese Host Communities - Final evaluation,0,
269,117672405,9987,PIMS 1434: Establecimiento de un Programa para la ConsolidaciÃ³n del Corredor BiolÃ³gico Mesoamericano,0,
270,117672356,9934,Pims 2131 CC MSP: Renewable Energy Project (RETDAP),1,"13 - Climate action [info] p. 4 [9934_1.pdf] Page 4: the growth rate of greenhouse gas emissions from fossil-fuel-using activities, such as power generation and process/water heating, is reduced"
271,117672133,10036,PIMS349CC:MSP Low cost low energy buildings,0,
272,117673829,2760,"Programa ""Mejorando Mi Familia"": EvaluaciÃ³n Cuanti-Cualitativa",0,
273,117670801,9176,Project Evaluation of Iraqis Rebuilding Iraq Phase II,0,
274,117670545,13016,Projet d'assainissement de YaoundÃ© (PADY) - volet haute intensitÃ© de main dÂÂuvre - Final Internal evaluation,0,
275,117664228,1654,PROMOTING AND PROTECTING THE RIGHTS OF CHILDREN: A FORMATIVE EVALUATION OF UNICEFâS CHILD PROTECTION PROGRAMME IN CAMBODIA,0,
276,117666690,12370,Promoting gender equality for decent employment in Pakistan - Final Evaluation,0,
277,117669215,12680,Promoting gender equality for decent employment in Pakistan - Midterm Evaluation,0,
278,117671980,13215,Promoting human security and reducing poverty among indigenous peoples in Papua (PIPE) - Final Evaluation,0,
279,117662396,3513,Readiness Assessment Business for Results,0,
280,117668798,1945,Real Time Evaluation of UNICEFâs response to the Mali crisis,0,
281,117671469,9435,"Reduccion de los procesos de degradacion de tierras de la cuenca alta de Sabana Yegua, Full Size Project",0,
282,117664606,824,Republic of Cameroon Country Strategy and Programme Evaluation,0,
283,117663933,12241,REVUE DU PROGRAMME PAR PAYS DE PROMOTION DU TRAVAIL DECENT AU BURUNDI,0,
284,117661050,11925,Revue finale independante du programme par pays pour la promotion du travail dÃ©cent (PPTD) 2017-2020 de la cÃ´te d'Ivoire,0,
285,117671878,9783,Seven Hundred ICT Trained Youths,0,
286,117667639,10870,SIDA /NORWAY Programme Mid Term Evaluation,0,
287,117664299,6405,SOI Integrating global environment commitments in investment and development decision-making in Solomon Islands,0,
288,117663853,12199,Soporte tÃ©cnico en formalizaciÃ³n en MÃ©xico - EvaluaciÃ³n final independiente,0,
289,117667358,7104,Strenghtening Resilience of Coastal Communities in Samoa (AF) - MTE,1,"13 - Climate action [info] pp. 5, 11 [7104_1.pdf] Page 5: CLIMATE CHANGE"
290,117667619,7050,Strengthening Climate information and Early Warning Systems in Tanzania for Climate Resilient Development and Adaptation to Climate Change Project Mid-term Review,1,13 - Climate action
291,117665865,13799,Strengthening Coordination Mechanisms to Respond to Trafficking in Person and Ensure Justice and Protection for all Victims of Trafficking in Eswatini,0,
292,117661394,3501,Summative Impact Evaluation of Makani Program,0,
293,117672958,10394,Support to the National HIV/AIDS Response,0,
294,117671729,2194,Sustainability of the Nirmul Gram Puruskar,0,
295,117669844,12796,"Sustaining competitive and responsible enterprises, SCORE Phase I - Final Evaluation",0,
296,117665708,11758,Technical Cooperation Project for the State of Qatar â Phase 2 - Final evaluation,0,
297,117658860,4116,Terminal Evaluation: GEF OP7 Small Grants Programme,0,
298,117662756,5869,Terminal Evaluation for Improved Charcoal Production project,0,
299,117665853,15068,Terminal Evaluation of the UNEP Project âEnvironmental Education and Youthâ PIMS No 02007 (2018-2022) Evaluation,0,
300,117664017,14969,Terminal Evaluation Of The UNEF / GEF Project 2095: Sustainable Management Of The Water Resources Of The La Plata Basin With Respect To The Effects Of Climate Variability And Change,0,
301,117667278,7232,Terminal Evaluation of Integrated Land and Ecosystem Management to Combat Land Degradation and Deforestation in Madhya Pradesh,1,"13 - Climate action [info] p. 4 [7232_1.pdf] Page 4: Climate Change"" ""potential effects of climate change"
302,117660672,5145,Terminal Evaluation of UNDP/GEF Project: Sixth Operational Phase of the GEF Small Grants Programme in Egypt,1,13 - Climate action [info] p. 8
303,117663204,5832,Terminal Evaluation of the Project Technology Transfer for Climate Resilient Flood Management in Vrbas River Basin,1,"13 - Climate action [info] p. 53 [5832_1.pdf] Page 5: overall objective to transfer technologies for climate resilient flood management in order to increase resilience of highly exposed rural poor, returnee and displaced persons communities in Vrbas River Basin (VRB)."
304,117660209,15046,Terminal Evaluation of the UNEP/GEF Project âPromotion of Energy Efficiency in Public Lighting in CÃ´te dâIvoireâ (GEF ID 3876) (2013-2020),0,
305,117664986,11089,test,0,
306,117672074,14389,THE HIV PREVENTION PROJECT,0,
307,117662721,5834,UNDAF Final Evaluation,0,
308,117661679,5247,UNDAP Mid-Term performance Review,1,13 - Climate action
309,117672116,10017,UNV Youth Policy Paper Implementation evaluation,0,
310,117659361,4214,Vaka Pasifika Project - MTR,0,
311,117669905,12859,"Youth migration, reaping benefits and mitigating the risks - Final Joint Evaluation",0,
312,117668353,7640,00051288 Disaster Risk Reduction based Rehabilitation & Reconstruction (DR4) Project Evaluation,0,
313,117674174,6915,2012 Nutrition Policy: A Policy Evaluation,0,
314,117670121,2605,5-Year Evaluation of the Central Emergency Response Fund - Niger Case Study,0,
315,117663057,14060,A PROCESS EVALUATION OF IOMâS INSTITUTIONAL RESPONSE TO SETTING UP AND IMPLEMENTING THE EUROPEAN UNION â IOM JOINT INITIATIVE FOR MIGRANT PROTECTION AND REINTEGRATION,0,
316,117663879,12226,Addressing the Root Causes of Migration in Ethiopia - Internal evaluation,0,
317,117668524,7590,Assessment of Development Results: Uruguay,1,"13 - Climate action [info] pp. 15, 44 [7590_1.pdf] Page 15: Environment and risk reduction (which inÂ­ cludes gender equity and local development); [7590_1.pdf] Page 44: The purpose of this programme area is to generate progress towards sustainable development models that consider the conservation of natural resources and ecosystems, climate change mitigation and adaptation, and the use of renewable energies to reduce social and environmental vulnerability."
318,117670775,9149,Assistance in the Development of a Witness and Victim Support System - Final Project Evaluation,0,
319,117660571,352,AvaliaÃ§Ã£o do Marco de CooperaÃ§Ã£o para o Desenvolvimento SustentÃ¡vel das NaÃ§Ãµes Unidas para o Brasil (2017-2021),0,
320,117664141,3262,"AvaliaÃ§Ã£o Sumativa do Programa ""EducaÃ§Ã£o Parental (PEP)"" em SÃ£o TomÃ© e PrÃ­ncipe (2016-2018)",0,
321,117662899,12073,Better Work Global â Stage IV - Midterm evaluation,0,
322,117671532,9501,Capacity Development for sustainable Environment & Natural Resources,0,
323,117671241,2606,Child Friendly Schools evaluation: Country Report for Nicaragua,0,
324,117672476,13254,Combating forced labour and trafficking of Indonesian migrant workers (Phase I) - Mid Term Evaluation,0,
325,117668045,12527,Construction d'Ã©coles primaires Ã Madagascar selon l'approche Ã Haute IntensitÃ© de Main d'Oeuvre MAG/12/01 and 02/CEF (EIIP) - Final Evaluation,0,
326,117662965,12151,Convening stakeholders to develop and implement strategies to reduce child labor in artisanal and small-scale gold mining - Final Evaluation,0,
327,117658805,15515,Corporate Emergency Evaluation of WFPâs Response in Ukraine,0,
328,117662889,12060,Decent Work Country Programme Moldova (2016-2020),0,
329,117673592,10645,DECENTRALISATION POLICIES,0,
330,117673254,10498,DESARROLLO Y PAZ DEL MAGDALENA MEDIO-FASE II,0,
331,117664625,951,Ecological Forecasting using Geospatial Analysis: Example from Kenya,0,
332,117659155,11699,Employment through Labour Intensive Infrastructure Programs in Lebanon (Phase IV and V) and in Jordan (Phase VI) - Clustered evaluation,0,
333,117665023,1652,Endline evaluation of the H4+ Joint Programme Canada and Sweden (Sida) 2011-2016,0,
334,117667071,1977,"Equity, scalability and sustainability in UNICEF WASH programming: Evidence from UNICEF evaluations 2007-2015 (synthesis report for the Executive Board)",0,
335,117671761,3125,Evaluability Assessment of the Government of Tanzania and UNICEF Interventions in the Seven Learning Districts,0,
336,117660766,5067,EvaluaciÃ³n de medio tÃ©rmino del proyecto ECOVALOR,0,
337,117663484,6011,EvaluaciÃ³n de Medio TÃ©rmino del Programa de PequeÃ±as Donaciones del Fondo para el Medio Ambiente Mundial en Bolivia: Sexta Fase Operativa: Informe Final,0,
338,117668467,7785,Evaluation a mi parcours de la seconde phase du programme national plates-formes multifonctionnelles pour la lutte contre la pauvrete au Burkina Faso et l?audit de materialite des ptfm implantees de Janvier 2010 au 30 Juin 2013,0,
339,117661847,5306,Ãvaluation Ã mi parcours du Projet Economic Empowerment in Haiti,0,
340,117668270,1946,Evaluation des Espaces Enfance au BÃ©nin,0,
341,117667204,7150,Evaluation finale - Appui au programme de microfinancement du FEM,0,
342,117668977,7941,Evaluation finale de l'UNDAF 2008-2012,0,
343,117671853,9757,Evaluation finale du projet Â« Conservation communautaire et participative de la biodiversitÃ© dans le Corridor Forestier d'Anjozorobe Â»,0,
344,117665235,6636,Evaluation Finale du Projet IPE,0,
345,117668640,7733,"Evaluation finale: Projet d'appui Ã la DÃ©centralisation, Ã la DÃ©concentration et au DÃ©veloppement Ã©conomique local au BÃ©nin (PA3D)",0,
346,117658982,4261,Evaluation Mid-term du programme NDC 'AccÃ©lÃ©ration de la mise en oeuvre de la NDC',0,
347,117673322,2402,Evaluation of Active Learning and School Leadership Project,0,
348,117667489,7127,Evaluation of Afghan Peace and Reintegration Programme (APRP),0,
349,117660414,3946,Evaluation of Career Guidance Portal for Students in India,0,
350,117669661,8338,Evaluation of Gender Joint Programme,0,
351,117674162,11623,Evaluation of Senegal WFP Country Strategic Plan 2019-2023,0,
352,117671526,9494,Evaluation of Small Investments Fund(SIF) Project,0,
353,117670085,1903,Evaluation of Tanzania Socio-Economic Database (TSED),0,
354,117668164,15170,Evaluation of the Capacity-Development Project for Investment Planning & Policy,0,
355,117661459,3465,Evaluation of the Inclusive Education programme,0,
356,117661235,15383,"Evaluation of the project ""Improved Land Tenancy in Sindh Province""",0,
357,117665730,11689,Evaluation of the Spotlight Initiative (2017â2023),0,
358,117660140,3919,Evaluation of the transition Education project in Comoros,0,
359,117660134,3872,Evaluation of the UNICEF Uganda Preparedness and Response to the L2 Ebola Emergency,0,
360,117666941,1428,"Evaluation of the Water, Sanitation and Hygiene (WASH) Programme within the UNICEF Country Programme in Lebanon (2013-2016)",0,
361,117669175,8270,Evaluation of UNDP Support to Conflict-Affected Countries i the Context of UN Peace Operations,0,
362,117670101,2111,Evaluation of UNICEF Bangladesh Education and Child Protection Programmes,0,
363,117662156,3646,Evaluation of UNICEF's work on cash transfer programming in emergencies - Country Report Yemen,0,
364,117674283,11613,Evaluation of WFPâs Policy on Country Strategic Plans,0,
365,117674296,11614,Evaluation of WFPâs Policy on Building Resilience for Food Security and Nutrition,0,
366,117668991,8075,Evaluation on Youth Employability -Phase I,0,
367,117661310,13920,"Ex-post Evaluation: Human Mobility Related to the Artisanal Mining Sector: Comparative Case Studies in Angola, Mozambique and the Democratic Republic of Congo (DRC)",0,
368,117664576,6563,Expansion and strengthening of Maliâs protected area system,0,
369,117667664,11013,External Evaluation of the Elimination of Violence Against Women (EVAW) Special Fund 2008-2014,0,
370,117668552,7620,Final evaluation for the Building Adaptive Capacity and resilience to climate change in water sector in Cape Verde,0,
371,117660506,11109,Final evaluation of SN 2018-2022,0,
372,117660833,4834,Final Evaluation of the Joint Programme âEstablishment of an Integrated National Financing Framework for Sustainable Development in Uzbekistanâ,0,
373,117659923,4554,Final Evaluation of the Strengthening of Regional Cooperation on Gender Mainstreaming in Security Sector Reform in the Western Balkans - Phases I (2012-2016) and II (2018-2023) Project,0,
374,117668474,7792,Final Evaluation on Building Energy Efficiency Project,1,"13 - Climate action [info] p. 23 [7792_1.pdf] Page 23: The target of the project was to achieve reduction in energy consumption of buildings that fully comply with the BCNS energy performance; reduction in energy intensity of compliant building from 150 to 135kWh/m2-year; and reduction of CO2 emissions by 63,000 tons over 20 years"
375,117667836,7417,Final Evaluation Support to Irrigated Agriculture in 2 Districts Bolikhamxay (SIRA),0,
376,117665989,4251,Final Evaluation: Mayors for Economic Growth Facility Phase II,0,
377,117671270,2938,First stage report_Sentinel monitoring system_Rapid assessment of the social and poverty impacts of economic crisis in Romania,0,
378,117670884,8991,Fortalecimiento de las capacidades municipales para la planificaciÃ³n del desarrollo humano local,0,
379,117665505,4291,GCF- NAP / Increasing Resilience to Climate Change Impact - Terminal Evaluation,1,"13 - Climate action [4291_1.pdf] Page 10: climate change adaptation"" ""climate risk-informed"
380,117673710,2842,"Girl's Education in Tajik Republic: Experience, Problems and Solution",0,
381,117663272,15746,"GMCP: Global Maritime Crime ProgrammeÂ (GLOX99, GLOZ06, GLOW63, GLOZ80, GLOZ81, XEAX94)",0,
382,117671538,9507,HIV/AIDS Portfolio Evaluation,0,
383,117669058,8145,Identification and Implementation of the Adaptation Response Measures in the Drini-Mati River Deltas (PIMS 3629),1,"13 - Climate action [info] p. 10 [8145_1.pdf] Page 10: The project sought to bring the impact of climate change and adaptation issues into the sustainable development and planning processes in the DMRD, as well as in the programming activities"
384,117672306,9881,Implementation of ASYCUDA in Yemen - Phase II,0,
385,117660606,3675,Incidences du programme âinvestir dans le capital humain des enfants grace a un systÃ¨me de protection sociale durable et inclusif,0,
386,117663560,5928,Independent Country Programme Evaluation: Belarus,0,
387,117663456,5905,Independent Country Programme Evaluation: Cameroon,0,
388,117662153,5208,Independent Country Programme Evaluation: Ghana,1,"13 - Climate action [info] p. 24 [5208_1.pdf] Page 24: (i) Outcome 1 â Environmental governance at national and local levels is effective, efficient and coherent;"
389,117661321,673,Independent endline evaluation of the CommonSensing project (Update),0,
390,117669231,12697,Independent evaluation of the ILO's strategy on occupational safety and health: Workers and enterprises benefit from improved safety and health conditions at work,0,
391,117668215,7292,Inle Lake Conservation and Rehabilitation Project - End of Project Evaluation,0,
392,117666115,4224,Insurance and Risk Finance Facility,0,
393,117669700,8379,Integration of Climate Change Dimensions into National Development Frameworks and Programmes,0,
394,117671821,9724,Joint Evaluation of the UNDG Contribution to the Implementation of the Paris Declaration on Aid Effectiveness,0,
395,117661988,3300,Joint UNICEF-GoB WASH Programme Evaluation,0,
396,117662882,963,LDCF/SCCF Annual Evaluation Report 2020,0,
397,117674317,10610,Mali: An Evaluation of WFP's Portfolio (2013-2017),0,
398,117669526,8522,Management of globalization to support the poor,0,
399,117667873,7458,Market Transformation through Energy Efficiency Standards and Labelling of Appliances in South Africa,0,
400,117660281,4446,"Mid Term evaluation: Integrated Management of Water Resources of the Mira, Mataje and Carchi-GuÃ¡itara, Colombia â Ecuador Binational Basins",0,
401,117659023,4317,Mid term evaluation - BRA/20/G31 Seventh Operational Phase of the GEF Small Grants Programme in Brazil,0,
402,117665582,4403,Mid Term Evaluation for the AFB funded Coral Restoration project,1,"13 - Climate action [4403_1.pdf] Page 15: improve food security and livelihoods and mitigate risks from natural disasters through active restoration of coral reefs degraded by bleaching because of climate change in Mauritius, to restore the essential ecosystems; â¢ improve food security and livelihoods and mitigate risks from natural disasters through active restoration of coral reefs degraded by bleaching because of climate change in Seychelles, to restore the essential ecosystems; and, [4403_1.pdf] Page 16: generate knowledge and understanding about the use of coral reef restoration as an adaptation measure for dissemination within the two countries, to other SIDS and countries within the Western Indian Ocean (WIO) and other regions, and to build capacity for this intervention in the WIO. By adopting a regional approach, it is expected that the stakeholders involved will develop technical and scientific partnerships as well as a common understanding that will enable them to promote the use of effective natural solutions in adaptation and disaster risk reduction."
403,117658910,4156,Mid-Term Evaluation: Tashkent - Accelerating Investments in Low Emission Vehicles (TAILEV),0,
404,117662816,5644,Mid-term evaluation of upscaling of Glacial Lake Outburst Floods Project,1,13 - Climate action
405,117662592,530,Mid-term Evaluation of the Making Access Possible (MAP) programme,0,
406,117664910,613,Mid-Term Evaluation of the UNFPA Supplies Programme (2013-2020),0,
407,117658854,11639,Mid-term Evaluation of the WHO Global Coordination Mechanism on the Prevention and Control of Noncommunicable Diseases (GCM/NCD),0,
408,117666331,4669,"Mid-term Review of Strengthening Human Security in the Remote Chiefdoms of Gbense, Soa, and Kamara in Kono District of Sierra Leone",0,
409,117662637,5743,Midterm Evaluation for support for effective coorporation and coordination of cross border initiatives (SECCCI) Project,0,
410,117664122,4085,Multi-country evaluation of the Universal Progressive Home Visiting for Young Children Well-being and Development in the Europe and Central Asia Region (ECAR),0,
411,117664250,2007,Multi-Country Evaluation of Early Child Education Policies in Latin America and the Caribbean,0,
412,117660572,3525,Multi-country Formative Evaluation of the Key Result for Children (KRC) #7 (Birth Registration) for period 2018-2020. (including during the COVID-19 pandemic).,0,
413,117659187,4399,Municipal Empowerment and Resilience Final Project Evaluation,0,
414,117669543,8541,Municipal Wastwater in ACP Countries,0,
415,117659565,15806,,0,
416,117663268,15753,,0,
417,117667407,791,Nigeria Country Programme Evaluation,0,
418,117666805,14105,"PARTNERSHIP ON HEALTH AND MOBILITY IN THE MINING SECTOR PROJECT (2013-16) IN SOUTH AFRICA, LESOTHO, SWAZILAND AND MOZAMBIQUE END OF PROJECT EVALUATION REPORT FINAL REPORT PART I",0,
419,117674143,11589,"Philippines, Country Capacity Strengthening Activities 2018-2022: Thematic Evaluation",0,
420,117673391,3084,"Pilot Real-time Evaluation of UNICEF Support in Liberia, May 2003-March 2004",0,
421,117658855,15517,Pre-evaluation Review of the WIPO Division for Latin America and the Caribbean,0,
422,117670760,9134,Programa Conjunto de Medio Ambiente y Cambio ClimÃ¡tico,0,
423,117671248,2632,Programa Kits Escolares - Ministerio de Educacion y Cultura,0,
424,117671831,9735,Programme d'appui au renforcement de l'Ã©quitÃ© hommes femmes(PAREHF),0,
425,117674021,10778,"PROJECT IN SUPPORT OF GOVERNANCE, DEMOCRACY AND HUMAN RIGHTS",0,
426,117666927,6622,Project Terminal Evaluation -Sustainable Management of the MBE River forested watershed through the development of a payments for ecosystem services(PES) mecanisms,0,
427,117660063,11839,Projet combattre l'esclavage et la discrimination fondÃ©e sur l'esclavage au Mali - Midterm evaluation,0,
428,117672016,13192,PromociÃ³n del empleo juvenil en America Latina (PREJAL) - Mid Term Internal Evaluation,0,
429,117667001,11032,Promoting Social Cohesion through Women's Economic Empowerment and Protection Initiatives in Irbid and Zarqa,0,
430,117673878,10732,Provision of Energy Efficient Social Services,0,
431,117661693,5354,Rapid Response Implementation Support,0,
432,117671065,13090,RBSA Evaluation of gender mainstreaming in Asia: Equality and decent work promotion for Asian women - Final Evalaution,0,
433,117658974,425,"Realist review on just transition towards low emission, climate resilient, and more inclusive societies in developing countries",0,
434,117672401,9982,"Report of the Independent Assessment Mission of the Human Development Initiative Myanmar,, 2007",0,
435,117662274,15304,Review of FAO Surge Response in Yemen,0,
436,117667516,14107,REVIEW OF LABOUR MIGRATION FUNDED PROJECTS 2011-2014,0,
437,117667074,1982,RUBRICATE: Independent Evaluation Final Report,0,
438,117658796,13756,Rwanda Country Strategy and Programme Evaluation,0,
439,117673228,10470,SGP-PTF,0,
440,117659065,4377,SIDA-UNDP Programme on Environment and Climate Change,0,
441,117673201,10582,Social mobilization and poverty reduction - Sistan and Baluchistan,0,
442,117663999,14159,STRENGTHENING LABOUR MIGRATION MANAGEMENT IN LESOTHO,0,
443,117660821,4817,Strengthening Nehru Yuva Kendra Sangathan (NYKS) and National Service Scheme (NSS) (CPD Output 2.2),0,
444,117665683,11685,Strengthening Social Security Office capacities in policy design with a focus on research and actuarial services,0,
445,117669119,8212,Support to the Modernization of the Vocational Education and Training System in Georgia-phase III,0,
446,117671859,9763,"Supporting Aid Harmonization, Alignment & Coordination",0,
447,117671088,12965,Sustainable elimination of child bonded labour in Nepal (Phase II) - Final Evaluation,0,
448,117660071,11849,"Sustainable supply chains to build forward better: Decent work in five global supply chains of key importance to the European Union for a fair, resilient, and sustainable COVID-19...- Final evaluation",0,
449,117668707,12612,Technical and vocational education training (TVET) reform in Bangladesh - Final Evaluation,0,
450,117667269,7223,Technical Assistance to the Ministry of Education and Higher Education (MEHE),0,
451,117660232,15475,Terminal evaluation of the project âSustainable forest management under the authority of Cameroonian Councilsâ,0,
452,117660659,5128,Terminal evaluation of the projectâ Supporting Climate Resilient Livelihoods in Agricultural Communities in Drought-prone Areas of Turkmenistanâ,0,
453,117666500,4492,Terminal Evaluation Report Moldova Sustainable Green Cities â Catalyzing Investment in Sustainable Green Cities in the Republic of Moldova Using a Holistic Integrated Urban Planning Approach,0,
454,117664422,6266,Terminal Evaluation of âSupport to Rural Development in Georgiaâ,0,
455,117666842,14892,Terminal Evaluation of the UN Environment/GEF project: Vulnerability Assessment and Adaptation Project for Climate Change in the Coastal Zone of Cambodia Considering Livelihood Improvement and Ecosystems (VAAP),0,
456,117660205,15034,Terminal Evaluation of the UNEP Project: âManaging Wastewater Through Global Partnershipâ PIMS ID 01663 (2014-2018),0,
457,117662634,5738,Terminal Evaluation - Project for Strengthening the Subsystem of Marine Protected Areas in Honduras,0,
458,117669321,1555,The Integrated Capacity Development for Somalia Education Administrations (ICDSEA),0,
459,117668036,12516,UN Green Jobs Programme: Enhancing competitiveness and sustainable business among MMEs in the building construction industry (phase II) ILO Component - Midterm evaluation,0,
460,117660128,3879,UNICEF Cambodia Child Protection Programme 2019 -2023 Outcome Evaluation,0,
461,117666948,6896,United Nations Trust Fund for Human Security Canton 10 Project Final Evaluation Report,0,
462,117673103,2993,Validation des donnÃ©es de la supplÃ©mentation de masse en vitamine A,0,
463,117661571,3585,ValoraciÃ³n en tiempo real de la respuesta de UNICEF al COVID-19,0,
464,117663809,12153,Viet Nam Decent Work Country Programme (2017-2021),0,
465,117665870,11644,WHO contribution in Iraq: Evaluation report,0,
466,117672781,13311,Workplace Education Programme on HIV/AIDS and the World of Work - Final Evaluation,0,
467,117671967,9664,"""Participatory policy-making among targeted groups is promoted"" outcome evaluation",0,
468,117663991,14151,"â STRENGTHENING LABOUR MIGRATION GOVERNANCE THROUGH REGIONAL COOPERATION IN COLOMBO PROCESS COUNTRIES""",0,
469,117665405,4145,00085815 Forest Area Planning & Mgmt in Kalimantan (KALFOR) GEF Terminal Evaluation,0,
470,117669286,12756,Action programme for protecting the rights of women migrant domestic workers (PROWD) in Lebanon - Final Evaluation,0,
471,117660987,11941,ACTION/Portugal (Phase 2): Strengthening of the Social Protection Systems of the PALOP and Timor-Leste - Final evaluation (English),0,
472,117662029,12050,Addressing the root causes of migration in Ethiopia - Final Evaluation,0,
473,117670948,9057,Agenda Economica de las Mujeres,0,
474,117673509,2413,An Epidemic of Scurvy in Afghanistan: Assessment and Response,0,
475,117666039,3909,Are We Getting There? A synthesis of UN system evaluations of SDG 5,0,
476,117671483,9449,Assessment of Development Results: Botswana,1,"13 - Climate action [info] p. 33 [9449_1.pdf] Page 33: nabling Botswana to fulfill its commitments to the UNFCCC, Phase I and II"" ""abling Activities for the Preparation of Botswana's Second National Communication to the UN Framework Convention on Climate Change"
477,117673045,2350,Assessment of Environmental Sanitation Approach,0,
478,117674335,8036,"Bangladesh, School Feeding Programme: An Evaluation",0,
479,117667290,7028,Building a Multiple-Use Forest Management Framework to Conserve Biodiversity in the Caspian Hyrcanian Forest Landscape,0,
480,117672863,10287,Capacity Strengthening to Manage and Promote Trade in Services in Vietnam in the Context of Integration,0,
481,117663684,6152,Climate Change Adaptation Programme in Water and Agriculture in Anseba region,1,13 - Climate action [6152_1.pdf] Page 6: Outcome 3. Improved Climate Risk Information and Climate Monitoring Used to Raise Awareness of and Enhance Community Preparedness to Climate Hazards.
482,117669863,12815,Community-based confidence building among different ethnic and religious groups for SME Development for the most vulnerable in Sri Lanka - Midterm Evaluation,0,
483,117663490,6017,Conservacion de la biodiversidad en paisajes impactados por la mineria en la Region del Choco Biogeografico,0,
484,117665305,15515,Corporate Emergency Evaluation of WFPâs Response in Ukraine,0,
485,117663312,11166,Corporate Evaluation of UN Women's Contribution to Governance and National Planning,0,
486,117660496,3730,Country Programme Evaluation of UNICEF Philippines Country Programme (2019-2023),0,
487,117662538,3197,Country Programme Evaluation,0,
488,117661467,3625,Country-Led Formative Evaluation of Early Childhood Education in Timor-Leste (2012 to 2020),0,
489,117669373,12769,Dahshur world heritage site mobilization for cultural heritage for community development - Final Joint Evaluation,0,
490,117671395,9547,Disaster Risk Management Outcome Evaluation,0,
491,117672835,14419,ECONOMIC REHABILITATION FOR SURVIVORS OF TRAFFICKING IN INDIA,0,
492,117672478,10061,Effective Ombudsman and other human rights oversight bodies either established and/or in operation,0,
493,117661634,5183,Empowering Youth as Agents for Peace and Social Cohesion in Solomon Islands Project (December 2018- June 2021),0,
494,117665256,6825,Enabling Transboundary Cooperation and Integrated Water Resources Management in the Chu and Talas River Basins,0,
495,117661482,4801,End of Project (Impact) Evaluation Zimbabwe Resilience Building Fund,1,"13 - Climate action [info] p. 9 [4801_1.pdf] Page 8: climatic shocks [4801_1.pdf] Page 9: . A crisis modifier provides early warning, and early action to reduce the impact of climate-induced shocks for the fund in ZRBF programme areas"" ""ffects of climate change"" ""e e"
496,117668415,7719,End of Project Evaluation of the Dialogue Financing Facility (DFF) 2012-2013,0,
497,117667797,7374,End of Rule of Law Programme 2012-2014,0,
498,117666245,4456,End Term Evaluation of the Transcending Foundations of Peace & Security Project,0,
499,117661103,3627,End Term Evaluation of Pneumonia and Diarrhea Project in Pakistan (2016-2021),0,
500,117670176,8765,Enhanced Livelihoods and Recovery and Disaster Risk Reduction Integrated in Development Planning,0,
501,117667053,1635,EvaluaciÃ³n de los Programas de Premedia Multigrado y TelebÃ¡sica en PanamÃ¡,0,
502,117667253,7207,Evaluacion de medio termino del Proyecto URU/13/002 Apoyo a la Ejecucion del Programa de Desarrollo y Gestion Subnacional,0,
503,117669738,8641,"EvaluaciÃ³n del programa conjunto 62621 ?InclusiÃ³n Social a travÃ©s de la prevenciÃ³n y reducciÃ³n de la Violencia contra la Mujer, Adolescentes y Niñas?. RepÃºblica Bolivariana de Venezuela. PNUD.",0,
504,117666568,6891,Evaluacion Final del Proyecto âTransformar el manejo de bosques de producciÃ³n comunitarios ricos en biodiversidad a travÃ©s del fortalecimiento de las capacidades nacionales para el uso de instrumentos basados en el mercado (00071603 FMAM-PNUD-PIMS)â,0,
505,117663675,6142,EvaluaciÃ³n Final del proyecto Fortalecimiento de las capacidades de gestiÃ³n para la gobernabilidad democrÃ¡tica - SIGOB,0,
506,117665536,4337,EvaluaciÃ³n Final Proyecto AmazonÃ­a Sostenible para la Paz,0,
507,117667333,7076,EVALUATION Ã MI-PARCOURS DU Â« PROJET DE RENFORCEMENT DE LâINFORMATION CLIMATIQUE ET SYSTÃMES DâALERTE PRÃCOCE POUR UN DÃVELOPPEMENT RÃSILIENT EN AFRIQUE ET ADAPTATION AUX CHANGEMENTS CLIMATIQUES AU BÃNIN â SAP-BÃNIN â POUR LA PÃRIODE 2014-2015,0,
508,117663487,6014,Ãvaluation Ã mi-parcours - Renforcement de la rÃ©silience cÃ´tiÃ¨re,1,13 - Climate action
509,117661342,3773,EVALUATION AU MILIEU DE LâACTION DE LA REPONSE DE LâUNICEF ET DE SES PARTENAIRES A LA PANDEMIE DE COVID-19 AU SENEGAL,0,
510,117668005,7545,Evaluation d'impact des chantiers structurants de dÃ©veloppement durable sur la rÃ©duction de la pauvretÃ© et les OMD,0,
511,117670100,2106,EVALUATION DE LA MISE EN OEUVRE DU PAQUET EDUCATIF ESSENTIEL (PEE) POUR LâACCELERATION DE LA SCOLARISATION DES FILLES,0,
512,117660553,320,Evaluation du Cadre de CoopÃ©ration des Nations Unies pour le DÃ©veloppement au Togo 2019-2023,0,
513,117663941,3211,Evaluation du programme VEDAN (appuyÃ© par l'UE),0,
514,117665930,4030,Evaluation finale UNDAF 2018-2024,0,
515,117660351,11366,Evaluation of Engagement with Civil Society in the Americas and Caribbean,0,
516,117660223,15464,Evaluation of FAOâs Country Programme in the Republic of Ghana,0,
517,117666661,944,Evaluation of GEF Engagement with Indigenous Peoples,0,
518,117668466,7784,Evaluation of Improved Seed Production for Sustainable Agriculture and Reduction of Post-Harvest Losses for Food Security projects,0,
519,117667688,1587,"Evaluation of Promoting the Protection and Education Rights of Children in Gujarat, Rajasthan and Maharashtra",0,
520,117671721,2556,Evaluation of Supporting Coordination in WES and Nutrition Sectors /Clusters,0,
521,117664445,6290,"EVALUATION OF THE COUNTRY PROGRAMME OUTCOME 1.3 âEcosystems and natural resources are protected and sustainably used, and human settlements are resilient to natural and human-induced disasters and climate changeâ",1,"13 - Climate action [info] p.30; p.31; p.32 (--> not all projects frame GHG emission reductions as a secondary output of energy efficiency --> check 12/13) [6290_1.pdf] Page 30: climate change [6290_1.pdf] Page 31: achieving the countryâs GHG emission reduction voluntary target by 15% by 2020 below 1990 emissions and by 25% by 2050"" ""thereby reducing electricity consumption and GHG emissions."" ""achieve energy savings and avoided GHG emissions [6290_1.pdf] Page 32: aimed to reduce GHG emissions in the transport sector in Almaty by 31 thousand tones of CO2 annually from its demonstration projec"" ""submit its Seventh National Communication (7NC) and Biennial Report (BR)"
522,117672769,3037,Evaluation oF the Family Support and Foster Care Project (FS&FC) and Prevention of Infant Abandonment and Deinstitutionalisation Project (PIAD),0,
523,117673666,2513,Evaluation of the Government of Pakistan-UNICEF Advocacy and Social Mobilization Strategy (January 1999-June 2001),0,
524,117668180,1283,Evaluation of the Intervention and Rehabilitation Program in Residential Facilities and Diversion Programs for Children in Conflict with the Law,0,
525,117673442,2257,Evaluation of the Meena Communication Initiative,0,
526,117659381,3911,"Evaluation of the programme âLeave No Child Out (LNCO) â Building Inclusive, Equitable and Quality Education in Georgiaâ",0,
527,117670252,8650,Evaluation of the Programme Based Budgeting (PBB) and Sector Strategies component in the Country Programme 2009-2011,0,
528,117667566,15204,Evaluation of the project on Mainstreaming Food and Nutrition Security and the Right to Food into the Smallholder Commercialization Programme of Sierra Leone,0,
529,117669098,8189,Evaluation of the Regional Programme for Arab States (2010-2013),1,"13 - Climate action [info] p.14 [8189_1.pdf] Page 14: the Water Governance Programme for Arab States (WGP-AS) to promote effective governance of scarce water resources in Arab countries, and the Arab Climate Resilience Initiative (ACRI), which aims to strengthen the capacity of Arab countries to mainstream climate change adaptation policies into national development plans."
530,117662862,620,Evaluation of the UNFPA support to the HIV response (2016-2019),0,
531,117664169,1229,Evaluation of the utilization of National Professional Officers,0,
532,117660178,13849,Evaluation of the Y-med project,0,
533,117669461,1717,Evaluation of UNICEF role as a Lead Partner in Education,0,
534,117667577,1962,Evaluation of UNICEFâs humanitarian response to the Syria crisis,0,
535,117671282,9286,Evaluation projet PBF 1000 micro-projets pour la rÃ©intÃ©gration des ex-combattants et ex-miliciens en CÃ´te d'Ivoire,0,
536,117662218,14023,EX-POST EVALUATION: MIGRATION PROFILE FOR THE REPUBLIC OF MALDIVES,0,
537,117664372,6484,"External Review and Mid-Term Evaluation of the Project ""Afghanistan Access to Justice (AA2J)",0,
538,117660584,3777,Final evaluation - Accelerating Progress towards an Integrated and Modernized Social Protection System for All in Thailand (United Nations Joint Programme on Social Protection for All in Thailand),0,
539,117667924,7280,Final Evaluation for Energy Efficiency in Appliances Project,1,13 - Climate action [info] p.20 [7280_1.pdf] Page 20: o âreduce household electricity consumption and related GHG of Turkey
540,117664096,15247,Final evaluation of the project âIntegrated Management of the Ilha Grande Bay Ecosystemâ (BIG Project),0,
541,117666997,11027,"Final evaluation of the ""Localizing women, peace and security agenda in central Terai districts of Nepal"" (GPI-CT)",0,
542,117668716,10824,Final evaluation of the PRDF/EU,0,
543,117660857,4865,Final Evaluation of Biodiversity and Tourism Project,0,
544,117664157,529,Final Evaluation of the Pacific Financial Inclusion Programme (PFIP),0,
545,117665147,6699,Final Evaluation of the Joint Programme Fomento a la Cultura y el Turismo para el Desarrollo Local en la Ruta Lenca,0,
546,117668760,1477,FINAL EVALUATION OF THE MILLENIUM DEVELOPMENT GOAL ACHIEVEMENT FUND: Youth Employability and Retention Programme,0,
547,117661088,11113,"Final External Evaluation of the project âGender equality at the centre of reforms, peace and securityâ, funded by the Government of Sweden",0,
548,117663271,15745,FINAL IN-DEPTH EVALUATION OF THE GLOBAL PROGRAMME âIMPLEMENTATION OF THE DOHA DECLARATION: TOWARDS THE PROMOTION OF A CULTURE OF LAWFULNESSâ,0,
549,117665704,4340,Final Project Evaluation: JP EU Innovative Action for Private Sector Competitiveness in Georgia,0,
550,117660736,5031,Final Project Evaluation of Regional Project: Strengthening Arab Economic Integration For Sustainable Development â PAFTA Plus,0,
551,117659507,3805,Formative Evaluation of Gender Transformative Programming through Investment in Adolescent Girlsâ Leadership in Eastern and Southern Africa (ESAR),0,
552,117667655,10998,From Community to Global Security Institutions: Engaging Women in Building Peace and Security,0,
553,117660017,11770,From Protocol to Practice: A Bridge to Global Action on Forced Labor (The Bridge project) - Final external evaluation,0,
554,117659817,4647,GEF project final evaluation du projet Senegal National Adaptation Plan,0,
555,117671503,9471,GENERACION DE CAPACIDADES TERRITORIALES EN EL CESAR,0,
556,117667878,7463,Get Airports Ready for Disasters (GARD),0,
557,117665192,633,Global Framework for Climate Services - Midterm Review,0,
558,117660544,338,Government of Mongolia and United Nations Development Assistance Framework (2017-2022),0,
559,117669238,12704,Green livelihood access for Central Kalimantan's inclusive environmental response to climate change - Final Joint Evaluation,1,13 - Climate action [12704_1.pdf] Page 1: climate change
560,117661121,11348,IES led Country Portfolio Evaluation,0,
561,117670562,13034,"Impact assessment of the CoopAfrica programme 2008-2010: Based on a longitudinal survey of Ethiopia, Kenya, Lesotho and Tanzania",0,
562,117669397,14110,"INDEPENDENT EVALUATION OF IOM'S PROJECT ""HORN/GULF OF ADEN/YEMEN: IMPROVING PROTECTION OF MIGRANTS - PHASE III""",0,
563,117659405,682,Independent evaluation of the UNITARâs joint masterâs degrees and other postgraduate non-degree programmes,0,
564,117673233,10475,Information and Communication Technologies (ICT) for Development Programme,0,
565,117673670,2290,Investigation Evaluativa del proyecto de Salud sexual Reproductiva en el Estado de Vargas,0,
566,117670283,8684,"Jamaica Violence Prevention, Peace and Sustainable Development Programme",0,
567,117674126,11556,Joint Evaluation on the Collaboration among the United Nations Rome-based Agencies,0,
568,117666501,3752,Joint Formative Evaluation of the Education Sector in Kazakhstan with the focus on Inclusivity,0,
569,117660007,11760,Labour Standards on Fishing Vessels,0,
570,117673113,13353,"Libertad Sindical, negociaciÃ³n colectiva y relaciones de trabajo en Centro AmÃ©rica - Final Evaluation",0,
571,117672842,13328,"Managing Labour Migration for Development and Intergration in the EuroMed, West Africa, and East Africa - Final External Evaluation",0,
572,117672727,2255,"Mid-term evaluation of the ""Children's chance for change"" project - a juvenile justice initiative in Serbia and Montenegro",0,
573,117662624,5727,Mid-term Evaluation of De-risking Renewable Energy (NAMA) for Nigerian Power sector,1,"13 - Climate action [info] p.16 (GHG emissions here as a primary focus on secondary outcome??? emission intensivity of Nigeria's energy sector is explicitly problematized) [5727_1.pdf] Page 15: The project is expected to contribute towards the reduction of greenhouse gas (GHGs) emissions related to the renewable electricity targets established voluntarily by the Government of Nigeria."" ""Firstly, the energy sector is the largest emitter of GHGs in Nigeria,"
574,117666285,4508,Mid-term Evaluation Report for the LeAPS Program,0,
575,117670364,8891,Midterm Review of the UNDP Gender Equality Strategy 2008-2013,0,
576,117673966,3090,Mozambique Flood Relief,0,
577,117666063,15813,,0,
578,117662511,3379,,0,
579,117666641,814,Nicaragua Country Strategy and Programme Evaluation,0,
580,117664257,2577,Nutrition Component of the EU-SHARE program (2015-2018),0,
581,117672968,10405,Plan de Centros de AtenciÃ³n a la Infancia y a la Familia (C.A.I.F),0,
582,117666442,4575,Plan National d'Adaptation (PNA) aux changements climatiques,1,"13 - Climate action [info] p. 18 [4575_1.pdf] Page 18: The primary objective of the project is to facilitate the integration of climate change adaptation into the medium- and long-term planning and budgeting processes of climate-sensitive sectors. Specifically, the project was designed to achieve the following key objectives: - Enhancing climate change information systems: The project aimed to improve the existing climate change information systems, thereby enabling effective support for adaptation planning. - Strengthening planning and budgeting for climate change adaptation: The project sought to enhance the capacity for planning and budgeting specifically dedicated to climate change adaptation in the targeted sectors and regions."
583,117669396,1368,Post Introduction Evaluation of Pneumococcal and Rotarix Vaccines in Botswana,0,
584,117659675,11374,"PRODUCTIVE EMPLOYMENT AND DECENT WORK FOR WOMEN IN EGYPT, JORDAN AND PALESTINE: JOINT PROGRAMME, UN WOMEN AND ILO MID-TERM EVALUATION",0,
585,117660977,11929,Programa de Asistencia TÃ©cnica para la Seguridad Social - Ecuador - Final Evaluation,0,
586,117667426,12448,Promoting Fundamental Principles and Rights at Work in the Zambian Mining Sector - Internal Evaluation,0,
587,117665932,11705,Promoting Workersâ Rights and Gender Equality at Work in Africa - Final evaluation,0,
588,117670687,1729,Qualitative evaluation of child friendly schools in Badulla and Batticalo,0,
589,117670695,2033,RAPPORT DE LA MISSION DâEVALUATION DE LA PRISE EN CHARGE DE LA MALNUTRITION AIGUÃ Togo,0,
590,117673084,3131,Report on Procurement Review of Cement and Iron Bars,0,
591,117670476,12937,RevisiÃ³n del Programa de PaÃ­s RepÃºblica Dominicana 2008 - 2011,0,
592,117660615,3726,RTA OF THE THAI NETWORK OF YOUTH LIVING WITH HIV,0,
593,117661569,3578,RTA of the UNICEF ongoing response to COVID-19 at country level LAC region,0,
594,117663912,12221,Sea Fisheries: Strengthened Coordination to Combat Labour Exploitation and Trafficking in Fisheries in Southeast Asia - Midterm External Evaluation,0,
595,117673313,10446,SÃ©curitÃ© Alimentaire & Environnement,0,
596,117670187,8776,Strengthening capacity for gender sensitive multi-sectoral response to HIV and AIDS in Botswana,0,
597,117667640,10874,Strengthening Responses to create wealth and reduce poverty for Women in Cross Border Trade in Africa,0,
598,117670201,8791,Strengthening the Disaster Mitigation and Management System in Mongolia Phase III,0,
599,117660355,3954,Summative Evaluation of the EU Global Promotion of Best Practices for Children in Migration (2020 - 2023) project (CoTM),0,
600,117667944,766,Support Project for the Strategic Plan for the Transformation of Agriculture in Rwanda,0,
601,117671805,9707,Support to Local Governance fro Enhanced Islands Development Programme (Tuvalu),0,
602,117672896,10324,Sustainable Development of Rural Areas,0,
603,117670428,8958,Sustainable Integration and Recovery in North Ossetia-Alania,0,
604,117663289,12149,TAWDIF: Skilling youth for work - Evaluability review,0,
605,117660784,5090,Terminal Evaluation: Sixth Operational Phase of the GEF Small Grants Programme,0,
606,117665360,4116,Terminal Evaluation: GEF OP7 Small Grants Programme,0,
607,117661268,15395,"Terminal evaluation of the project ""Mainstreaming ecosystem-based approaches to climate-resilient rural livelihoods in vulnerable rural areas through the farmer field school methodology""",1,"13 - Climate action [info] pp. 4, 40, 41 [15395_1.pdf] Page 4: he main outcomes of the project include: building the capacity of groups of technicians, relay-facilitator producers, farmers and agropastoralists on good climate change adaptation practices, through the producersâ field-school approach; creating a climate resilience fund that has helped to finance micro- projects in rural areas; disseminating climate information; training on climate change adapted practices in farmer field schools (FFS) and agropastoral field schools (APFS); carrying out inclusive activities through Dimitra clubs; improving credit through Village Savings and Loan Association (VSLA) funds; and creating income-generating activities through the climate resilience fund."
608,117659947,4580,Terminal evaluation of the JP on Charcoal Project,0,
609,117660691,5167,Terminal Evaluation of Legislative Support Project II,0,
610,117666409,4538,Terminal Evaluation for the GEF funded Joint Management Area project,0,
611,117663476,6003,Terminal Evaluation of Community Based Flood and Glacial Lake Outburst Risk Reduction Project (CFGORRP),1,"13 - Climate action [info] p.19 (13.1) [6003_1.pdf] Page 19: Outcome 1 focused on reducing risks from imminent GLOFs in high-risk areas (NAPA Combined Profile 4), [6003_1.pdf] Page 20: Develop early warning systems (EWSs) against climate-related extreme events; Monitor conditions for, and development of, programs to respond to flooding and GLOFs; and Raise awareness and understanding among local communities about the necessity and benefits of preparedness for climate hazards."
612,117659896,4752,Terminal Evaluation for the Support to DENRâs Program and Service Delivery to Enhance ENR Management in the Philippines,0,
613,117667495,374,"Towards productivity convergence: trade, financing and technology for small-scale enterprises",0,
614,117671331,9340,TransversalizaciÃ³n del Enfoque de Equidad de GÃ©nero,0,
615,117667180,687,UN Development Account Project: Strengthening of capacities of trade and planning ministries of selected least developed countries to develop and implement trade strategies that are conducive to poverty reduction,0,
616,117670044,1482,UN MDGF: Mid-term evaluation âSecuring Access to Water through Institutional Development and Infrastructureâ joint UNDP and UNICEF project in Bosnia and Herzegovina,0,
617,117661970,590,UNESCO Synthetic Review of Evaluations 2021,0,
618,117663020,13961,USAID OFFICE OF TRANSITION INITIATIVES SOMALIA STABILIZATION INITIATIVE (SSI),0,
619,117670486,12948,Women's Entrepreneurship Development and Gender Equality (WEDGE): Phase 3 - Final evaluation,0,
620,117660971,981,Working Toward a Greener Global Recovery - Seventh Comprehensive Evaluation of the GEF,0,
621,117673665,2504,"Youth Health and Development Program ""My Future is My Choice"" Life Skills Intervention Implementation Assessment",0,
